<?xml version="1.0" encoding="UTF-8"?>
<project-private xmlns="http://www.netbeans.org/ns/project-private/1">
    <data xmlns="http://www.netbeans.org/ns/make-project-private/1">
        <activeConfTypeElem>1</activeConfTypeElem>
        <activeConfIndexElem>0</activeConfIndexElem>
    </data>
    <editor-bookmarks xmlns="http://www.netbeans.org/ns/editor-bookmarks/2" lastBookmarkId="0"/>
    <open-files xmlns="http://www.netbeans.org/ns/projectui-open-files/2">
        <group>
            <file>file:/C:/Users/adalb/Desktop/EDPM/20200750_P1/FuncionesPolleria.c</file>
            <file>file:/C:/Users/adalb/Desktop/EDPM/20200750_P1/FuncionesColasPs.h</file>
            <file>file:/C:/Users/adalb/Desktop/EDPM/20200750_P1/FuncionesColasEmpqt.c</file>
            <file>file:/C:/Users/adalb/Desktop/EDPM/20200750_P1/FuncionesPilas.h</file>
            <file>file:/C:/Users/adalb/Desktop/EDPM/20200750_P1/ColaEmpaquetado.h</file>
            <file>file:/C:/Users/adalb/Desktop/EDPM/20200750_P1/main.c</file>
            <file>file:/C:/Users/adalb/Desktop/EDPM/20200750_P1/ColaPesado.h</file>
            <file>file:/C:/Users/adalb/Desktop/EDPM/20200750_P1/FuncionesPilas.c</file>
            <file>file:/C:/Users/adalb/Desktop/EDPM/20200750_P1/PilaClasificacion.h</file>
            <file>file:/C:/Users/adalb/Desktop/EDPM/20200750_P1/FuncionesPolleria.h</file>
            <file>file:/C:/Users/adalb/Desktop/EDPM/20200750_P1/FuncionesColasPs.c</file>
            <file>file:/C:/Users/adalb/Desktop/EDPM/20200750_P1/FuncionesColasEmpqt.h</file>
        </group>
    </open-files>
</project-private>
