<?xml version="1.0" encoding="UTF-8"?>
<project-private xmlns="http://www.netbeans.org/ns/project-private/1">
    <data xmlns="http://www.netbeans.org/ns/make-project-private/1">
        <activeConfTypeElem>1</activeConfTypeElem>
        <activeConfIndexElem>0</activeConfIndexElem>
    </data>
    <editor-bookmarks xmlns="http://www.netbeans.org/ns/editor-bookmarks/2" lastBookmarkId="0"/>
    <open-files xmlns="http://www.netbeans.org/ns/projectui-open-files/2">
        <group>
            <file>file:/C:/Users/Branny/Desktop/EDPM/Granja/Abb.h</file>
            <file>file:/C:/Users/Branny/Desktop/EDPM/Granja/Colas.h</file>
            <file>file:/C:/Users/Branny/Desktop/EDPM/Granja/Tabla.h</file>
            <file>file:/C:/Users/Branny/Desktop/EDPM/Granja/Ab.c</file>
            <file>file:/C:/Users/Branny/Desktop/EDPM/Granja/main.c</file>
            <file>file:/C:/Users/Branny/Desktop/EDPM/Granja/lse.h</file>
            <file>file:/C:/Users/Branny/Desktop/EDPM/Granja/Tabla.c</file>
            <file>file:/C:/Users/Branny/Desktop/EDPM/Granja/lse.c</file>
            <file>file:/C:/Users/Branny/Desktop/EDPM/Granja/Ab.h</file>
            <file>file:/C:/Users/Branny/Desktop/EDPM/Granja/Abb.c</file>
            <file>file:/C:/Users/Branny/Desktop/EDPM/Granja/Colas.c</file>
        </group>
    </open-files>
</project-private>
